{"cameraMode":{"drawMode":2,"name":"Shaded Wireframe","section":"Shading Mode"},"sceneLighting":true,"audioPlay":false,"sceneViewState":{"showFog":true,"showMaterialUpdate":false,"showSkybox":true,"showFlares":true,"showImageEffects":true,"showParticleSystems":true},"in2DMode":false,"pivot":{"x":-0.7772216796875,"y":1.76715087890625,"z":437.363525390625},"rotation":{"x":0.14649491012096406,"y":-0.6921743154525757,"z":0.14666736125946046,"w":0.6913322806358337},"size":458.5448303222656,"orthographic":false}