{"cameraMode":{"drawMode":2,"name":"Shaded Wireframe","section":"Shading Mode"},"sceneLighting":true,"audioPlay":false,"sceneViewState":{"showFog":true,"showMaterialUpdate":false,"showSkybox":true,"showFlares":true,"showImageEffects":true,"showParticleSystems":true},"in2DMode":false,"pivot":{"x":-2.2211647033691408,"y":0.562619686126709,"z":56.28400802612305},"rotation":{"x":0.2573450803756714,"y":-0.579684853553772,"z":0.19972828030586244,"w":0.7469052076339722},"size":30.115631103515626,"orthographic":false}