{"cameraMode":{"drawMode":2,"name":"Shaded Wireframe","section":"Shading Mode"},"sceneLighting":true,"audioPlay":false,"sceneViewState":{"showFog":true,"showMaterialUpdate":false,"showSkybox":true,"showFlares":true,"showImageEffects":true,"showParticleSystems":true},"in2DMode":false,"pivot":{"x":177.3655242919922,"y":72.31085205078125,"z":570.4091796875},"rotation":{"x":0.1894337385892868,"y":-0.5996608138084412,"z":0.14885149896144868,"w":0.7631446719169617},"size":151.80194091796876,"orthographic":false}