{"cameraMode":{"drawMode":2,"name":"Shaded Wireframe","section":"Shading Mode"},"sceneLighting":true,"audioPlay":false,"sceneViewState":{"showFog":true,"showMaterialUpdate":false,"showSkybox":true,"showFlares":true,"showImageEffects":true,"showParticleSystems":true},"in2DMode":false,"pivot":{"x":0.003052227199077606,"y":0.9990417957305908,"z":568.8950805664063},"rotation":{"x":0.3307284712791443,"y":-0.6072807312011719,"z":0.30719229578971865,"w":0.6538288593292236},"size":12.89288330078125,"orthographic":false}