{"cameraMode":{"drawMode":2,"name":"Shaded Wireframe","section":"Shading Mode"},"sceneLighting":true,"audioPlay":false,"sceneViewState":{"showFog":true,"showMaterialUpdate":false,"showSkybox":true,"showFlares":true,"showImageEffects":true,"showParticleSystems":true},"in2DMode":false,"pivot":{"x":2.7884044647216799,"y":3.3148727416992189,"z":-5.25266170501709},"rotation":{"x":0.29629772901535036,"y":0.6594851613044739,"z":-0.3188197612762451,"w":0.6128987669944763},"size":334.6349792480469,"orthographic":false}