{"cameraMode":{"drawMode":2,"name":"Shaded Wireframe","section":"Shading Mode"},"sceneLighting":true,"audioPlay":false,"sceneViewState":{"showFog":true,"showMaterialUpdate":false,"showSkybox":true,"showFlares":true,"showImageEffects":true,"showParticleSystems":true},"in2DMode":false,"pivot":{"x":-1.3334197998046876,"y":5.467105865478516,"z":144.46559143066407},"rotation":{"x":0.09176430106163025,"y":-0.7046409249305725,"z":0.09269973635673523,"w":0.6974797248840332},"size":124.11491394042969,"orthographic":false}