{"cameraMode":{"drawMode":2,"name":"Shaded Wireframe","section":"Shading Mode"},"sceneLighting":true,"audioPlay":false,"sceneViewState":{"showFog":true,"showMaterialUpdate":false,"showSkybox":true,"showFlares":true,"showImageEffects":true,"showParticleSystems":true},"in2DMode":false,"pivot":{"x":-4.294040679931641,"y":2.543027877807617,"z":52.55100631713867},"rotation":{"x":0.21161025762557984,"y":-0.6476572155952454,"z":0.19419163465499879,"w":0.7057417631149292},"size":30.115631103515626,"orthographic":false}