{"cameraMode":{"drawMode":2,"name":"Shaded Wireframe","section":"Shading Mode"},"sceneLighting":true,"audioPlay":false,"sceneViewState":{"showFog":true,"showMaterialUpdate":false,"showSkybox":true,"showFlares":true,"showImageEffects":true,"showParticleSystems":true},"in2DMode":false,"pivot":{"x":-13.274932861328125,"y":11.631118774414063,"z":50.886531829833987},"rotation":{"x":0.1907489001750946,"y":-0.6812814474105835,"z":0.19097821414470673,"w":0.6804527640342712},"size":178.8328094482422,"orthographic":false}