{"cameraMode":{"drawMode":2,"name":"Shaded Wireframe","section":"Shading Mode"},"sceneLighting":true,"audioPlay":false,"sceneViewState":{"showFog":true,"showMaterialUpdate":false,"showSkybox":true,"showFlares":true,"showImageEffects":true,"showParticleSystems":true},"in2DMode":false,"pivot":{"x":6.89593505859375,"y":-10.700225830078125,"z":229.8295135498047},"rotation":{"x":0.1917693167924881,"y":-0.6809940338134766,"z":0.19199980795383454,"w":0.6801654696464539},"size":108.97491455078125,"orthographic":false}