{"cameraMode":{"drawMode":2,"name":"Shaded Wireframe","section":"Shading Mode"},"sceneLighting":true,"audioPlay":false,"sceneViewState":{"showFog":true,"showMaterialUpdate":false,"showSkybox":true,"showFlares":true,"showImageEffects":true,"showParticleSystems":true},"in2DMode":false,"pivot":{"x":-0.9779701232910156,"y":3.8778553009033205,"z":28.610240936279298},"rotation":{"x":0.14251825213432313,"y":-0.6969643235206604,"z":0.14440861344337464,"w":0.6878140568733215},"size":53.810508728027347,"orthographic":false}