{"cameraMode":{"drawMode":2,"name":"Shaded Wireframe","section":"Shading Mode"},"sceneLighting":true,"audioPlay":false,"sceneViewState":{"showFog":true,"showMaterialUpdate":false,"showSkybox":true,"showFlares":true,"showImageEffects":true,"showParticleSystems":true},"in2DMode":false,"pivot":{"x":-7.445018768310547,"y":4.892400741577148,"z":14.51375675201416},"rotation":{"x":0.15477979183197022,"y":-0.6903637647628784,"z":0.15496274828910829,"w":0.6895242929458618},"size":66.6923599243164,"orthographic":false}