{"cameraMode":{"drawMode":2,"name":"Shaded Wireframe","section":"Shading Mode"},"sceneLighting":true,"audioPlay":false,"sceneViewState":{"showFog":true,"showMaterialUpdate":false,"showSkybox":true,"showFlares":true,"showImageEffects":true,"showParticleSystems":true},"in2DMode":false,"pivot":{"x":0.3866516351699829,"y":-0.558334469795227,"z":1.0127123594284058},"rotation":{"x":0.3720870316028595,"y":-0.5875858068466187,"z":0.3476932644844055,"w":0.6288326978683472},"size":2.487759828567505,"orthographic":false}